{
  "options": {
    "alignment_resolution": {
      "add_split_junction_sides": true,
      "junction_allow_suboptimal_matches": false,
      "junction_minimum_side_match": 1,
      "junction_pos_hash_neg_log10_p_value_cutoff": 3.0,
      "minimum_alignment_resolution_pos_hash_score": 3,
      "minimum_pr_no_read_start_per_position": 0.1
    },
    "candidate_junction": {
      "highly_redundant_junction_ignore_passed_pair_limit": 200,
      "maximum_candidate_junction_length_factor": 0.1,
      "maximum_candidate_junctions": 5000,
      "maximum_junction_sequence_insertion_length": 0,
      "maximum_junction_sequence_negative_overlap_length_fraction": 0.4,
      "maximum_junction_sequence_negative_overlap_length_minimum": 12,
      "maximum_junction_sequence_overlap_length": 0,
      "maximum_junction_sequence_passed_alignment_pairs_to_consider": 100000,
      "maximum_junction_sequence_positive_overlap_length_fraction": 0.4,
      "maximum_junction_sequence_positive_overlap_length_minimum": 12,
      "minimum_candidate_junction_pos_hash_score": 2,
      "minimum_candidate_junctions": 100,
      "preprocess_junction_min_indel_split_length": 3,
      "required_both_unique_length_per_side": 1,
      "required_both_unique_length_per_side_fraction": 0.2,
      "required_one_unique_length_per_side": 0,
      "unmatched_end_length_factor": 0.1,
      "unmatched_end_minimum_read_length": 50
    },
    "mutation_identification": {
      "base_quality_cutoff": 3,
      "consensus_frequency_cutoff": 0.8,
      "consensus_minimum_total_coverage": 0,
      "consensus_minimum_total_coverage_each_strand": 0,
      "consensus_minimum_variant_coverage": 0,
      "consensus_minimum_variant_coverage_each_strand": 0,
      "consensus_reject_indel_homopolymer_length": 1224178960,
      "consensus_reject_surrounding_homopolymer_length": 32766,
      "deletion_coverage_propagation_cutoff": 0.0,
      "deletion_coverage_seed_cutoff": 0.0,
      "mixed_base_prediction": true,
      "mutation_log10_e_value_cutoff": 10.0,
      "no_indel_polymorphisms": false,
      "polymorphism_bias_p_value_cutoff": 0.0,
      "polymorphism_frequency_cutoff": 0.2,
      "polymorphism_log10_e_value_cutoff": 10.0,
      "polymorphism_minimum_total_coverage": 0,
      "polymorphism_minimum_total_coverage_each_strand": 0,
      "polymorphism_minimum_variant_coverage": 0,
      "polymorphism_minimum_variant_coverage_each_strand": 0,
      "polymorphism_prediction": false,
      "polymorphism_reject_indel_homopolymer_length": 0,
      "polymorphism_reject_surrounding_homopolymer_length": 0,
      "print_mutation_identification_per_position_file": false,
      "quality_score_trim": 0,
      "targeted_sequencing": false,
      "user_evidence_genome_diff_file_name": ""
    },
    "mutation_prediction": {
      "ignore_within_this_multiple_of_average_read_length_of_contig_end": 2,
      "size_cutoff_AMP_becomes_INS_DEL_mutation": 50
    },
    "output": {
      "header_genome_diff_file_name": "",
      "hide_circular_genome_junctions": true,
      "max_displayed_reads": 100,
      "max_nucleotides_to_show_in_tables": 20,
      "max_rejected_junction_evidence_to_show": 10,
      "max_rejected_read_alignment_evidence_to_show": 20,
      "no_javascript": false
    },
    "read_alignment": {
      "bowtie2_genome_maximum_alignments_to_consider_per_read": 2000,
      "bowtie2_junction": "--local -i S,1,0.25 --score-min L,1,0.70 -k 2000",
      "bowtie2_junction_maximum_alignments_to_consider_per_read": 2000,
      "bowtie2_scoring": "--ma 1 --mp 3 --np 0 --rdg 2,3 --rfg 2,3 --ignore-quals",
      "bowtie2_stage1": "--local -i S,1,0.25 --score-min L,1,0.9 -k 2000",
      "bowtie2_stage2": "--local -i S,1,0.25 --score-min L,6,0.2 -k 2000",
      "maximum_read_mismatches": -1,
      "minimum_mapping_quality": 0,
      "require_match_fraction": 0.9,
      "require_match_length": 0
    },
    "read_file": {
      "aligned_sam_mode": false,
      "read_file_coverage_fold_limit": 0.0,
      "read_file_long_read_distribute_remainder": false,
      "read_file_long_read_split_length": 200,
      "read_file_long_read_trigger_length": 1000,
      "read_file_max_N_fraction": 0.5,
      "read_file_max_same_base_fraction": 0.9,
      "read_file_read_length_min": 18
    },
    "workflow": {
      "custom_run_name": "",
      "genbank_field_for_seq_id": "AUTOMATIC",
      "num_processors": 1,
      "skip_alignment_or_plot_generation": false,
      "skip_missing_coverage_prediction": false,
      "skip_new_junction_prediction": false,
      "skip_read_alignment_and_missing_coverage_prediction": false,
      "skip_read_filtering": false
    }
  },
  "reads": {
    "read_file": {
      "MSA198_S21_R1_001": {
        "fraction_aligned_bases": 0.991317968173793,
        "fraction_aligned_reads": 0.991214687291476,
        "max_quality_score": 40,
        "min_quality_score": 2,
        "num_aligned_bases": 237416586,
        "num_aligned_reads": 1602811,
        "num_bases": 239495897,
        "num_filtered_same_base_reads": 1,
        "num_filtered_too_many_N_reads": 0,
        "num_filtered_too_short_reads": 0,
        "num_original_bases": 239496047,
        "num_original_reads": 1617018,
        "num_reads": 1617017,
        "quality_format": "SANGER",
        "quality_format_original": "SANGER",
        "read_length_avg": 148.109696434855,
        "read_length_max": 151,
        "read_length_min": 35,
        "reads_were_split": false
      },
      "MSA198_S21_R2_001": {
        "fraction_aligned_bases": 0.986056938151008,
        "fraction_aligned_reads": 0.9860289672458,
        "max_quality_score": 40,
        "min_quality_score": 2,
        "num_aligned_bases": 235032485,
        "num_aligned_reads": 1586987,
        "num_bases": 238355896,
        "num_filtered_same_base_reads": 7545,
        "num_filtered_too_many_N_reads": 0,
        "num_filtered_too_short_reads": 0,
        "num_original_bases": 239495009,
        "num_original_reads": 1617018,
        "num_reads": 1609473,
        "quality_format": "SANGER",
        "quality_format_original": "SANGER",
        "read_length_avg": 148.095616391204,
        "read_length_max": 151,
        "read_length_min": 35,
        "reads_were_split": false
      }
    },
    "total_aligned_bases": 472449071,
    "total_aligned_reads": 3189798,
    "total_bases": 477851793,
    "total_fraction_aligned_bases": 0.98869372872689,
    "total_fraction_aligned_reads": 0.988627889750162,
    "total_reads": 3226490
  },
  "references": {
    "reference": {
      "CP000522": {
        "coverage_average": 1693.142,
        "coverage_deletion_coverage_propagation_cutoff": 953.0,
        "coverage_deletion_coverage_seed_cutoff": 0.0,
        "coverage_group": 1,
        "coverage_nbinom_mean_parameter": 1608.052,
        "coverage_nbinom_prob_parameter": 0.0308721951362037,
        "coverage_nbinom_relative_variance": 32.3916066087346,
        "coverage_nbinom_size_parameter": 51.22554,
        "coverage_nbinom_variance": 52087.3877903889,
        "coverage_relative_variance": 58.26946,
        "coverage_variance": 98658.47,
        "junction_only": false,
        "length": 13408,
        "num_bases_mapped_to_reference": 22465330.0,
        "num_features": 24,
        "num_genes": 11,
        "num_reads_mapped_to_reference": 151024.0,
        "num_repeats": 0
      },
      "CP000523": {
        "coverage_average": 3300.891,
        "coverage_deletion_coverage_propagation_cutoff": 2038.0,
        "coverage_deletion_coverage_seed_cutoff": 0.0,
        "coverage_group": 2,
        "coverage_nbinom_mean_parameter": 3318.769,
        "coverage_nbinom_prob_parameter": 0.0167081680354539,
        "coverage_nbinom_relative_variance": 59.8509661788204,
        "coverage_nbinom_size_parameter": 56.39277,
        "coverage_nbinom_variance": 198631.531174318,
        "coverage_relative_variance": 56.84281,
        "coverage_variance": 187631.9,
        "junction_only": false,
        "length": 11302,
        "num_bases_mapped_to_reference": 36846582.5,
        "num_features": 12,
        "num_genes": 5,
        "num_reads_mapped_to_reference": 247457.0,
        "num_repeats": 0
      },
      "CP012005": {
        "coverage_average": 36.61401,
        "coverage_deletion_coverage_propagation_cutoff": 10.0,
        "coverage_deletion_coverage_seed_cutoff": 0.0,
        "coverage_group": 3,
        "coverage_nbinom_mean_parameter": 35.74103,
        "coverage_nbinom_prob_parameter": 0.437554183420349,
        "coverage_nbinom_relative_variance": 2.28543124004215,
        "coverage_nbinom_size_parameter": 27.8047,
        "coverage_nbinom_variance": 81.6836665132837,
        "coverage_relative_variance": 2.698456,
        "coverage_variance": 98.8013,
        "junction_only": false,
        "length": 148955,
        "num_bases_mapped_to_reference": 6065200.49999997,
        "num_features": 318,
        "num_genes": 157,
        "num_reads_mapped_to_reference": 41080.0000000001,
        "num_repeats": 0
      },
      "NZ_CP012004": {
        "coverage_average": 104.8169,
        "coverage_deletion_coverage_propagation_cutoff": 20.0,
        "coverage_deletion_coverage_seed_cutoff": 0.0,
        "coverage_group": 0,
        "coverage_nbinom_mean_parameter": 105.729,
        "coverage_nbinom_prob_parameter": 0.105566637734566,
        "coverage_nbinom_relative_variance": 9.47268968170016,
        "coverage_nbinom_size_parameter": 12.4788,
        "coverage_nbinom_variance": 1001.53800735648,
        "coverage_relative_variance": 7.635099,
        "coverage_variance": 800.287,
        "junction_only": false,
        "length": 3857738,
        "num_bases_mapped_to_reference": 405925858.600368,
        "num_features": 7338,
        "num_genes": 3638,
        "num_reads_mapped_to_reference": 2744663.99999766,
        "num_repeats": 55
      }
    },
    "total_features": 7692,
    "total_genes": 3811,
    "total_length": 4031403,
    "total_repeats": 55
  }
}