{
  "options": {
    "alignment_resolution": {
      "add_split_junction_sides": true,
      "junction_allow_suboptimal_matches": false,
      "junction_minimum_side_match": 1,
      "junction_pos_hash_neg_log10_p_value_cutoff": 3.0,
      "minimum_alignment_resolution_pos_hash_score": 3,
      "minimum_pr_no_read_start_per_position": 0.1
    },
    "candidate_junction": {
      "highly_redundant_junction_ignore_passed_pair_limit": 200,
      "maximum_candidate_junction_length_factor": 0.1,
      "maximum_candidate_junctions": 5000,
      "maximum_junction_sequence_insertion_length": 0,
      "maximum_junction_sequence_negative_overlap_length_fraction": 0.4,
      "maximum_junction_sequence_negative_overlap_length_minimum": 12,
      "maximum_junction_sequence_overlap_length": 0,
      "maximum_junction_sequence_passed_alignment_pairs_to_consider": 100000,
      "maximum_junction_sequence_positive_overlap_length_fraction": 0.4,
      "maximum_junction_sequence_positive_overlap_length_minimum": 12,
      "minimum_candidate_junction_pos_hash_score": 2,
      "minimum_candidate_junctions": 100,
      "preprocess_junction_min_indel_split_length": 3,
      "required_both_unique_length_per_side": 1,
      "required_both_unique_length_per_side_fraction": 0.2,
      "required_one_unique_length_per_side": 0,
      "unmatched_end_length_factor": 0.1,
      "unmatched_end_minimum_read_length": 50
    },
    "mutation_identification": {
      "base_quality_cutoff": 3,
      "consensus_frequency_cutoff": 0.8,
      "consensus_minimum_total_coverage": 0,
      "consensus_minimum_total_coverage_each_strand": 0,
      "consensus_minimum_variant_coverage": 0,
      "consensus_minimum_variant_coverage_each_strand": 0,
      "consensus_reject_indel_homopolymer_length": 584071040,
      "consensus_reject_surrounding_homopolymer_length": 32767,
      "deletion_coverage_propagation_cutoff": 0.0,
      "deletion_coverage_seed_cutoff": 0.0,
      "mixed_base_prediction": true,
      "mutation_log10_e_value_cutoff": 10.0,
      "no_indel_polymorphisms": false,
      "polymorphism_bias_p_value_cutoff": 0.0,
      "polymorphism_frequency_cutoff": 0.2,
      "polymorphism_log10_e_value_cutoff": 10.0,
      "polymorphism_minimum_total_coverage": 0,
      "polymorphism_minimum_total_coverage_each_strand": 0,
      "polymorphism_minimum_variant_coverage": 0,
      "polymorphism_minimum_variant_coverage_each_strand": 0,
      "polymorphism_prediction": false,
      "polymorphism_reject_indel_homopolymer_length": 0,
      "polymorphism_reject_surrounding_homopolymer_length": 0,
      "print_mutation_identification_per_position_file": false,
      "quality_score_trim": 0,
      "targeted_sequencing": false,
      "user_evidence_genome_diff_file_name": ""
    },
    "mutation_prediction": {
      "ignore_within_this_multiple_of_average_read_length_of_contig_end": 2,
      "size_cutoff_AMP_becomes_INS_DEL_mutation": 50
    },
    "output": {
      "header_genome_diff_file_name": "",
      "hide_circular_genome_junctions": true,
      "max_displayed_reads": 100,
      "max_nucleotides_to_show_in_tables": 20,
      "max_rejected_junction_evidence_to_show": 10,
      "max_rejected_read_alignment_evidence_to_show": 20,
      "no_javascript": false
    },
    "read_alignment": {
      "bowtie2_genome_maximum_alignments_to_consider_per_read": 2000,
      "bowtie2_junction": "--local -i S,1,0.25 --score-min L,1,0.70 -k 2000",
      "bowtie2_junction_maximum_alignments_to_consider_per_read": 2000,
      "bowtie2_scoring": "--ma 1 --mp 3 --np 0 --rdg 2,3 --rfg 2,3 --ignore-quals",
      "bowtie2_stage1": "--local -i S,1,0.25 --score-min L,1,0.9 -k 2000",
      "bowtie2_stage2": "--local -i S,1,0.25 --score-min L,6,0.2 -k 2000",
      "maximum_read_mismatches": -1,
      "minimum_mapping_quality": 0,
      "require_match_fraction": 0.9,
      "require_match_length": 0
    },
    "read_file": {
      "aligned_sam_mode": false,
      "read_file_coverage_fold_limit": 0.0,
      "read_file_long_read_distribute_remainder": false,
      "read_file_long_read_split_length": 200,
      "read_file_long_read_trigger_length": 1000,
      "read_file_max_N_fraction": 0.5,
      "read_file_max_same_base_fraction": 0.9,
      "read_file_read_length_min": 18
    },
    "workflow": {
      "custom_run_name": "",
      "genbank_field_for_seq_id": "AUTOMATIC",
      "num_processors": 1,
      "skip_alignment_or_plot_generation": false,
      "skip_missing_coverage_prediction": false,
      "skip_new_junction_prediction": false,
      "skip_read_alignment_and_missing_coverage_prediction": false,
      "skip_read_filtering": false
    }
  },
  "reads": {
    "read_file": {
      "MSA203_S26_R1_001": {
        "fraction_aligned_bases": 0.990588871538569,
        "fraction_aligned_reads": 0.990476349272274,
        "max_quality_score": 40,
        "min_quality_score": 2,
        "num_aligned_bases": 194052248,
        "num_aligned_reads": 1306886,
        "num_bases": 195895849,
        "num_filtered_same_base_reads": 0,
        "num_filtered_too_many_N_reads": 0,
        "num_filtered_too_short_reads": 0,
        "num_original_bases": 195895849,
        "num_original_reads": 1319452,
        "num_reads": 1319452,
        "quality_format": "SANGER",
        "quality_format_original": "SANGER",
        "read_length_avg": 148.467582754052,
        "read_length_max": 151,
        "read_length_min": 35,
        "reads_were_split": false
      },
      "MSA203_S26_R2_001": {
        "fraction_aligned_bases": 0.982063457700021,
        "fraction_aligned_reads": 0.982063068221343,
        "max_quality_score": 40,
        "min_quality_score": 2,
        "num_aligned_bases": 190715217,
        "num_aligned_reads": 1284675,
        "num_bases": 194198466,
        "num_filtered_same_base_reads": 11313,
        "num_filtered_too_many_N_reads": 0,
        "num_filtered_too_short_reads": 0,
        "num_original_bases": 195906447,
        "num_original_reads": 1319452,
        "num_reads": 1308139,
        "quality_format": "SANGER",
        "quality_format_original": "SANGER",
        "read_length_avg": 148.453999154524,
        "read_length_max": 151,
        "read_length_min": 35,
        "reads_were_split": false
      }
    },
    "total_aligned_bases": 384767465,
    "total_aligned_reads": 2591561,
    "total_bases": 390094315,
    "total_fraction_aligned_bases": 0.986344712560089,
    "total_fraction_aligned_reads": 0.986287820288622,
    "total_reads": 2627591
  },
  "references": {
    "reference": {
      "CP000522": {
        "coverage_average": 1112.827,
        "coverage_deletion_coverage_propagation_cutoff": 660.0,
        "coverage_deletion_coverage_seed_cutoff": 0.0,
        "coverage_group": 1,
        "coverage_nbinom_mean_parameter": 1082.148,
        "coverage_nbinom_prob_parameter": 0.0510132012669363,
        "coverage_nbinom_relative_variance": 19.6027689924282,
        "coverage_nbinom_size_parameter": 58.17134,
        "coverage_nbinom_variance": 21213.0972596182,
        "coverage_relative_variance": 29.69847,
        "coverage_variance": 33049.26,
        "junction_only": false,
        "length": 13408,
        "num_bases_mapped_to_reference": 14758718.0,
        "num_features": 24,
        "num_genes": 11,
        "num_reads_mapped_to_reference": 98928.0,
        "num_repeats": 0
      },
      "CP000523": {
        "coverage_average": 2167.949,
        "coverage_deletion_coverage_propagation_cutoff": 1412.0,
        "coverage_deletion_coverage_seed_cutoff": 0.0,
        "coverage_group": 2,
        "coverage_nbinom_mean_parameter": 2209.057,
        "coverage_nbinom_prob_parameter": 0.0294439938390396,
        "coverage_nbinom_relative_variance": 33.9627839031167,
        "coverage_nbinom_size_parameter": 67.0167,
        "coverage_nbinom_variance": 75025.7255206672,
        "coverage_relative_variance": 34.19759,
        "coverage_variance": 74138.65,
        "junction_only": false,
        "length": 11302,
        "num_bases_mapped_to_reference": 24177910.0,
        "num_features": 12,
        "num_genes": 5,
        "num_reads_mapped_to_reference": 161970.0,
        "num_repeats": 0
      },
      "CP012005": {
        "coverage_average": 31.47344,
        "coverage_deletion_coverage_propagation_cutoff": 8.0,
        "coverage_deletion_coverage_seed_cutoff": 0.0,
        "coverage_group": 3,
        "coverage_nbinom_mean_parameter": 31.90967,
        "coverage_nbinom_prob_parameter": 0.464345360647358,
        "coverage_nbinom_relative_variance": 2.15356948674122,
        "coverage_nbinom_size_parameter": 27.66168,
        "coverage_nbinom_variance": 68.7196916439818,
        "coverage_relative_variance": 2.085642,
        "coverage_variance": 65.64234,
        "junction_only": false,
        "length": 148955,
        "num_bases_mapped_to_reference": 5196847.0,
        "num_features": 318,
        "num_genes": 157,
        "num_reads_mapped_to_reference": 35021.4999999996,
        "num_repeats": 0
      },
      "NZ_CP012004": {
        "coverage_average": 87.94687,
        "coverage_deletion_coverage_propagation_cutoff": 22.0,
        "coverage_deletion_coverage_seed_cutoff": 0.0,
        "coverage_group": 0,
        "coverage_nbinom_mean_parameter": 89.13151,
        "coverage_nbinom_prob_parameter": 0.162330431879812,
        "coverage_nbinom_relative_variance": 6.16027437628201,
        "coverage_nbinom_size_parameter": 17.27263,
        "coverage_nbinom_variance": 549.074557172324,
        "coverage_relative_variance": 5.057361,
        "coverage_variance": 444.7791,
        "junction_only": false,
        "length": 3857738,
        "num_bases_mapped_to_reference": 339766490.166694,
        "num_features": 7338,
        "num_genes": 3638,
        "num_reads_mapped_to_reference": 2291779.500002,
        "num_repeats": 55
      }
    },
    "total_features": 7692,
    "total_genes": 3811,
    "total_length": 4031403,
    "total_repeats": 55
  }
}