{
  "options": {
    "alignment_resolution": {
      "add_split_junction_sides": true,
      "junction_allow_suboptimal_matches": false,
      "junction_minimum_side_match": 1,
      "junction_pos_hash_neg_log10_p_value_cutoff": 3.0,
      "minimum_alignment_resolution_pos_hash_score": 3,
      "minimum_pr_no_read_start_per_position": 0.1
    },
    "candidate_junction": {
      "highly_redundant_junction_ignore_passed_pair_limit": 200,
      "maximum_candidate_junction_length_factor": 0.1,
      "maximum_candidate_junctions": 5000,
      "maximum_junction_sequence_insertion_length": 0,
      "maximum_junction_sequence_negative_overlap_length_fraction": 0.4,
      "maximum_junction_sequence_negative_overlap_length_minimum": 12,
      "maximum_junction_sequence_overlap_length": 0,
      "maximum_junction_sequence_passed_alignment_pairs_to_consider": 100000,
      "maximum_junction_sequence_positive_overlap_length_fraction": 0.4,
      "maximum_junction_sequence_positive_overlap_length_minimum": 12,
      "minimum_candidate_junction_pos_hash_score": 2,
      "minimum_candidate_junctions": 100,
      "preprocess_junction_min_indel_split_length": 3,
      "required_both_unique_length_per_side": 1,
      "required_both_unique_length_per_side_fraction": 0.2,
      "required_one_unique_length_per_side": 0,
      "unmatched_end_length_factor": 0.1,
      "unmatched_end_minimum_read_length": 50
    },
    "mutation_identification": {
      "base_quality_cutoff": 3,
      "consensus_frequency_cutoff": 0.8,
      "consensus_minimum_total_coverage": 0,
      "consensus_minimum_total_coverage_each_strand": 0,
      "consensus_minimum_variant_coverage": 0,
      "consensus_minimum_variant_coverage_each_strand": 0,
      "consensus_reject_indel_homopolymer_length": 4172657808,
      "consensus_reject_surrounding_homopolymer_length": 32765,
      "deletion_coverage_propagation_cutoff": 0.0,
      "deletion_coverage_seed_cutoff": 0.0,
      "mixed_base_prediction": true,
      "mutation_log10_e_value_cutoff": 10.0,
      "no_indel_polymorphisms": false,
      "polymorphism_bias_p_value_cutoff": 0.0,
      "polymorphism_frequency_cutoff": 0.2,
      "polymorphism_log10_e_value_cutoff": 10.0,
      "polymorphism_minimum_total_coverage": 0,
      "polymorphism_minimum_total_coverage_each_strand": 0,
      "polymorphism_minimum_variant_coverage": 0,
      "polymorphism_minimum_variant_coverage_each_strand": 0,
      "polymorphism_prediction": false,
      "polymorphism_reject_indel_homopolymer_length": 0,
      "polymorphism_reject_surrounding_homopolymer_length": 0,
      "print_mutation_identification_per_position_file": false,
      "quality_score_trim": 0,
      "targeted_sequencing": false,
      "user_evidence_genome_diff_file_name": ""
    },
    "mutation_prediction": {
      "ignore_within_this_multiple_of_average_read_length_of_contig_end": 2,
      "size_cutoff_AMP_becomes_INS_DEL_mutation": 50
    },
    "output": {
      "header_genome_diff_file_name": "",
      "hide_circular_genome_junctions": true,
      "max_displayed_reads": 100,
      "max_nucleotides_to_show_in_tables": 20,
      "max_rejected_junction_evidence_to_show": 10,
      "max_rejected_read_alignment_evidence_to_show": 20,
      "no_javascript": false
    },
    "read_alignment": {
      "bowtie2_genome_maximum_alignments_to_consider_per_read": 2000,
      "bowtie2_junction": "--local -i S,1,0.25 --score-min L,1,0.70 -k 2000",
      "bowtie2_junction_maximum_alignments_to_consider_per_read": 2000,
      "bowtie2_scoring": "--ma 1 --mp 3 --np 0 --rdg 2,3 --rfg 2,3 --ignore-quals",
      "bowtie2_stage1": "--local -i S,1,0.25 --score-min L,1,0.9 -k 2000",
      "bowtie2_stage2": "--local -i S,1,0.25 --score-min L,6,0.2 -k 2000",
      "maximum_read_mismatches": -1,
      "minimum_mapping_quality": 0,
      "require_match_fraction": 0.9,
      "require_match_length": 0
    },
    "read_file": {
      "aligned_sam_mode": false,
      "read_file_coverage_fold_limit": 0.0,
      "read_file_long_read_distribute_remainder": false,
      "read_file_long_read_split_length": 200,
      "read_file_long_read_trigger_length": 1000,
      "read_file_max_N_fraction": 0.5,
      "read_file_max_same_base_fraction": 0.9,
      "read_file_read_length_min": 18
    },
    "workflow": {
      "custom_run_name": "",
      "genbank_field_for_seq_id": "AUTOMATIC",
      "num_processors": 1,
      "skip_alignment_or_plot_generation": false,
      "skip_missing_coverage_prediction": false,
      "skip_new_junction_prediction": false,
      "skip_read_alignment_and_missing_coverage_prediction": false,
      "skip_read_filtering": false
    }
  },
  "reads": {
    "read_file": {
      "MSA202_S25_R1_001": {
        "fraction_aligned_bases": 0.990467050063111,
        "fraction_aligned_reads": 0.990348674264153,
        "max_quality_score": 40,
        "min_quality_score": 2,
        "num_aligned_bases": 244269076,
        "num_aligned_reads": 1648781,
        "num_bases": 246620093,
        "num_filtered_same_base_reads": 0,
        "num_filtered_too_many_N_reads": 0,
        "num_filtered_too_short_reads": 0,
        "num_original_bases": 246620093,
        "num_original_reads": 1664849,
        "num_reads": 1664849,
        "quality_format": "SANGER",
        "quality_format_original": "SANGER",
        "read_length_avg": 148.13361031541,
        "read_length_max": 151,
        "read_length_min": 35,
        "reads_were_split": false
      },
      "MSA202_S25_R2_001": {
        "fraction_aligned_bases": 0.986369203871805,
        "fraction_aligned_reads": 0.986326708844967,
        "max_quality_score": 40,
        "min_quality_score": 2,
        "num_aligned_bases": 242403188,
        "num_aligned_reads": 1636461,
        "num_bases": 245752997,
        "num_filtered_same_base_reads": 5702,
        "num_filtered_too_many_N_reads": 0,
        "num_filtered_too_short_reads": 0,
        "num_original_bases": 246613869,
        "num_original_reads": 1664849,
        "num_reads": 1659147,
        "quality_format": "SANGER",
        "quality_format_original": "SANGER",
        "read_length_avg": 148.120086405846,
        "read_length_max": 151,
        "read_length_min": 35,
        "reads_were_split": false
      }
    },
    "total_aligned_bases": 486672264,
    "total_aligned_reads": 3285242,
    "total_bases": 492373090,
    "total_fraction_aligned_bases": 0.988421735233337,
    "total_fraction_aligned_reads": 0.988341141204743,
    "total_reads": 3323996
  },
  "references": {
    "reference": {
      "CP000522": {
        "coverage_average": 658.7464,
        "coverage_deletion_coverage_propagation_cutoff": 370.0,
        "coverage_deletion_coverage_seed_cutoff": 0.0,
        "coverage_group": 1,
        "coverage_nbinom_mean_parameter": 631.067,
        "coverage_nbinom_prob_parameter": 0.0762775419559305,
        "coverage_nbinom_relative_variance": 13.1100186812227,
        "coverage_nbinom_size_parameter": 52.11115,
        "coverage_nbinom_variance": 8273.30015910319,
        "coverage_relative_variance": 23.30384,
        "coverage_variance": 15351.32,
        "junction_only": false,
        "length": 13408,
        "num_bases_mapped_to_reference": 8659986.0,
        "num_features": 24,
        "num_genes": 11,
        "num_reads_mapped_to_reference": 58213.0,
        "num_repeats": 0
      },
      "CP000523": {
        "coverage_average": 842.0468,
        "coverage_deletion_coverage_propagation_cutoff": 501.0,
        "coverage_deletion_coverage_seed_cutoff": 0.0,
        "coverage_group": 2,
        "coverage_nbinom_mean_parameter": 862.9011,
        "coverage_nbinom_prob_parameter": 0.0531083929659025,
        "coverage_nbinom_relative_variance": 18.8294155434535,
        "coverage_nbinom_size_parameter": 48.39761,
        "coverage_nbinom_variance": 16247.9233848031,
        "coverage_relative_variance": 17.40406,
        "coverage_variance": 14655.03,
        "junction_only": false,
        "length": 11302,
        "num_bases_mapped_to_reference": 9351757.0,
        "num_features": 12,
        "num_genes": 5,
        "num_reads_mapped_to_reference": 62861.0,
        "num_repeats": 0
      },
      "CP012005": {
        "coverage_average": 32.43913,
        "coverage_deletion_coverage_propagation_cutoff": 7.0,
        "coverage_deletion_coverage_seed_cutoff": 0.0,
        "coverage_group": 3,
        "coverage_nbinom_mean_parameter": 32.68641,
        "coverage_nbinom_prob_parameter": 0.366802960719843,
        "coverage_nbinom_relative_variance": 2.72625934653723,
        "coverage_nbinom_size_parameter": 18.93482,
        "coverage_nbinom_variance": 89.1116307672479,
        "coverage_relative_variance": 2.542382,
        "coverage_variance": 82.47266,
        "junction_only": false,
        "length": 148955,
        "num_bases_mapped_to_reference": 5613557.49999995,
        "num_features": 318,
        "num_genes": 157,
        "num_reads_mapped_to_reference": 37936.0,
        "num_repeats": 0
      },
      "NZ_CP012004": {
        "coverage_average": 119.5317,
        "coverage_deletion_coverage_propagation_cutoff": 24.0,
        "coverage_deletion_coverage_seed_cutoff": 0.0,
        "coverage_group": 0,
        "coverage_nbinom_mean_parameter": 120.5332,
        "coverage_nbinom_prob_parameter": 0.0951101585733615,
        "coverage_nbinom_relative_variance": 10.5141239905374,
        "coverage_nbinom_size_parameter": 12.66887,
        "coverage_nbinom_variance": 1267.30100977625,
        "coverage_relative_variance": 8.410097,
        "coverage_variance": 1005.273,
        "junction_only": false,
        "length": 3857738,
        "num_bases_mapped_to_reference": 462271109.733903,
        "num_features": 7338,
        "num_genes": 3638,
        "num_reads_mapped_to_reference": 3123196.99999413,
        "num_repeats": 55
      }
    },
    "total_features": 7692,
    "total_genes": 3811,
    "total_length": 4031403,
    "total_repeats": 55
  }
}