{
  "options": {
    "alignment_resolution": {
      "add_split_junction_sides": true,
      "junction_allow_suboptimal_matches": false,
      "junction_minimum_side_match": 1,
      "junction_pos_hash_neg_log10_p_value_cutoff": 3.0,
      "minimum_alignment_resolution_pos_hash_score": 3,
      "minimum_pr_no_read_start_per_position": 0.1
    },
    "candidate_junction": {
      "highly_redundant_junction_ignore_passed_pair_limit": 200,
      "maximum_candidate_junction_length_factor": 0.1,
      "maximum_candidate_junctions": 5000,
      "maximum_junction_sequence_insertion_length": 0,
      "maximum_junction_sequence_negative_overlap_length_fraction": 0.4,
      "maximum_junction_sequence_negative_overlap_length_minimum": 12,
      "maximum_junction_sequence_overlap_length": 0,
      "maximum_junction_sequence_passed_alignment_pairs_to_consider": 100000,
      "maximum_junction_sequence_positive_overlap_length_fraction": 0.4,
      "maximum_junction_sequence_positive_overlap_length_minimum": 12,
      "minimum_candidate_junction_pos_hash_score": 2,
      "minimum_candidate_junctions": 100,
      "preprocess_junction_min_indel_split_length": 3,
      "required_both_unique_length_per_side": 1,
      "required_both_unique_length_per_side_fraction": 0.2,
      "required_one_unique_length_per_side": 0,
      "unmatched_end_length_factor": 0.1,
      "unmatched_end_minimum_read_length": 50
    },
    "mutation_identification": {
      "base_quality_cutoff": 3,
      "consensus_frequency_cutoff": 0.8,
      "consensus_minimum_total_coverage": 0,
      "consensus_minimum_total_coverage_each_strand": 0,
      "consensus_minimum_variant_coverage": 0,
      "consensus_minimum_variant_coverage_each_strand": 0,
      "consensus_reject_indel_homopolymer_length": 93083952,
      "consensus_reject_surrounding_homopolymer_length": 32766,
      "deletion_coverage_propagation_cutoff": 0.0,
      "deletion_coverage_seed_cutoff": 0.0,
      "mixed_base_prediction": true,
      "mutation_log10_e_value_cutoff": 10.0,
      "no_indel_polymorphisms": false,
      "polymorphism_bias_p_value_cutoff": 0.0,
      "polymorphism_frequency_cutoff": 0.2,
      "polymorphism_log10_e_value_cutoff": 10.0,
      "polymorphism_minimum_total_coverage": 0,
      "polymorphism_minimum_total_coverage_each_strand": 0,
      "polymorphism_minimum_variant_coverage": 0,
      "polymorphism_minimum_variant_coverage_each_strand": 0,
      "polymorphism_prediction": false,
      "polymorphism_reject_indel_homopolymer_length": 0,
      "polymorphism_reject_surrounding_homopolymer_length": 0,
      "print_mutation_identification_per_position_file": false,
      "quality_score_trim": 0,
      "targeted_sequencing": false,
      "user_evidence_genome_diff_file_name": ""
    },
    "mutation_prediction": {
      "ignore_within_this_multiple_of_average_read_length_of_contig_end": 2,
      "size_cutoff_AMP_becomes_INS_DEL_mutation": 50
    },
    "output": {
      "header_genome_diff_file_name": "",
      "hide_circular_genome_junctions": true,
      "max_displayed_reads": 100,
      "max_nucleotides_to_show_in_tables": 20,
      "max_rejected_junction_evidence_to_show": 10,
      "max_rejected_read_alignment_evidence_to_show": 20,
      "no_javascript": false
    },
    "read_alignment": {
      "bowtie2_genome_maximum_alignments_to_consider_per_read": 2000,
      "bowtie2_junction": "--local -i S,1,0.25 --score-min L,1,0.70 -k 2000",
      "bowtie2_junction_maximum_alignments_to_consider_per_read": 2000,
      "bowtie2_scoring": "--ma 1 --mp 3 --np 0 --rdg 2,3 --rfg 2,3 --ignore-quals",
      "bowtie2_stage1": "--local -i S,1,0.25 --score-min L,1,0.9 -k 2000",
      "bowtie2_stage2": "--local -i S,1,0.25 --score-min L,6,0.2 -k 2000",
      "maximum_read_mismatches": -1,
      "minimum_mapping_quality": 0,
      "require_match_fraction": 0.9,
      "require_match_length": 0
    },
    "read_file": {
      "aligned_sam_mode": false,
      "read_file_coverage_fold_limit": 0.0,
      "read_file_long_read_distribute_remainder": false,
      "read_file_long_read_split_length": 200,
      "read_file_long_read_trigger_length": 1000,
      "read_file_max_N_fraction": 0.5,
      "read_file_max_same_base_fraction": 0.9,
      "read_file_read_length_min": 18
    },
    "workflow": {
      "custom_run_name": "",
      "genbank_field_for_seq_id": "AUTOMATIC",
      "num_processors": 1,
      "skip_alignment_or_plot_generation": false,
      "skip_missing_coverage_prediction": false,
      "skip_new_junction_prediction": false,
      "skip_read_alignment_and_missing_coverage_prediction": false,
      "skip_read_filtering": false
    }
  },
  "reads": {
    "read_file": {
      "MSA199_S22_R1_001": {
        "fraction_aligned_bases": 0.991003622855524,
        "fraction_aligned_reads": 0.990926423255909,
        "max_quality_score": 40,
        "min_quality_score": 2,
        "num_aligned_bases": 214994268,
        "num_aligned_reads": 1450092,
        "num_bases": 216945996,
        "num_filtered_same_base_reads": 1,
        "num_filtered_too_many_N_reads": 0,
        "num_filtered_too_short_reads": 0,
        "num_original_bases": 216946147,
        "num_original_reads": 1463371,
        "num_reads": 1463370,
        "quality_format": "SANGER",
        "quality_format_original": "SANGER",
        "read_length_avg": 148.250952254044,
        "read_length_max": 151,
        "read_length_min": 35,
        "reads_were_split": false
      },
      "MSA199_S22_R2_001": {
        "fraction_aligned_bases": 0.985112154130311,
        "fraction_aligned_reads": 0.985110963257855,
        "max_quality_score": 40,
        "min_quality_score": 2,
        "num_aligned_bases": 212462333,
        "num_aligned_reads": 1433234,
        "num_bases": 215673243,
        "num_filtered_same_base_reads": 8475,
        "num_filtered_too_many_N_reads": 0,
        "num_filtered_too_short_reads": 0,
        "num_original_bases": 216952787,
        "num_original_reads": 1463371,
        "num_reads": 1454896,
        "quality_format": "SANGER",
        "quality_format_original": "SANGER",
        "read_length_avg": 148.239628811956,
        "read_length_max": 151,
        "read_length_min": 35,
        "reads_were_split": false
      }
    },
    "total_aligned_bases": 427456601,
    "total_aligned_reads": 2883326,
    "total_bases": 432619239,
    "total_fraction_aligned_bases": 0.988066554756248,
    "total_fraction_aligned_reads": 0.988027136662662,
    "total_reads": 2918266
  },
  "references": {
    "reference": {
      "CP000522": {
        "coverage_average": 645.5782,
        "coverage_deletion_coverage_propagation_cutoff": 354.0,
        "coverage_deletion_coverage_seed_cutoff": 0.0,
        "coverage_group": 1,
        "coverage_nbinom_mean_parameter": 622.7201,
        "coverage_nbinom_prob_parameter": 0.0699329312900816,
        "coverage_nbinom_relative_variance": 14.2994149044318,
        "coverage_nbinom_size_parameter": 46.82312,
        "coverage_nbinom_variance": 8904.53307922928,
        "coverage_relative_variance": 21.15482,
        "coverage_variance": 13657.09,
        "junction_only": false,
        "length": 13408,
        "num_bases_mapped_to_reference": 8490923.0,
        "num_features": 24,
        "num_genes": 11,
        "num_reads_mapped_to_reference": 57066.0,
        "num_repeats": 0
      },
      "CP000523": {
        "coverage_average": 907.2665,
        "coverage_deletion_coverage_propagation_cutoff": 540.0,
        "coverage_deletion_coverage_seed_cutoff": 0.0,
        "coverage_group": 2,
        "coverage_nbinom_mean_parameter": 917.901,
        "coverage_nbinom_prob_parameter": 0.0522962767023415,
        "coverage_nbinom_relative_variance": 19.1218201955709,
        "coverage_nbinom_size_parameter": 50.6517,
        "coverage_nbinom_variance": 17551.9378793348,
        "coverage_relative_variance": 19.07297,
        "coverage_variance": 17304.26,
        "junction_only": false,
        "length": 11302,
        "num_bases_mapped_to_reference": 10077338.0,
        "num_features": 12,
        "num_genes": 5,
        "num_reads_mapped_to_reference": 67662.0,
        "num_repeats": 0
      },
      "CP012005": {
        "coverage_average": 26.03283,
        "coverage_deletion_coverage_propagation_cutoff": 6.0,
        "coverage_deletion_coverage_seed_cutoff": 0.0,
        "coverage_group": 3,
        "coverage_nbinom_mean_parameter": 26.00273,
        "coverage_nbinom_prob_parameter": 0.530787739110727,
        "coverage_nbinom_relative_variance": 1.88399227471867,
        "coverage_nbinom_size_parameter": 29.41511,
        "coverage_nbinom_variance": 48.9889424415955,
        "coverage_relative_variance": 2.002847,
        "coverage_variance": 52.13976,
        "junction_only": false,
        "length": 148955,
        "num_bases_mapped_to_reference": 4490682.33333335,
        "num_features": 318,
        "num_genes": 157,
        "num_reads_mapped_to_reference": 30316.6666666661,
        "num_repeats": 0
      },
      "NZ_CP012004": {
        "coverage_average": 104.7627,
        "coverage_deletion_coverage_propagation_cutoff": 24.0,
        "coverage_deletion_coverage_seed_cutoff": 0.0,
        "coverage_group": 0,
        "coverage_nbinom_mean_parameter": 106.4129,
        "coverage_nbinom_prob_parameter": 0.124564402242522,
        "coverage_nbinom_relative_variance": 8.02797574585588,
        "coverage_nbinom_size_parameter": 15.14133,
        "coverage_nbinom_variance": 854.280180246187,
        "coverage_relative_variance": 6.500867,
        "coverage_variance": 681.0482,
        "junction_only": false,
        "length": 3857738,
        "num_bases_mapped_to_reference": 403711084.866963,
        "num_features": 7338,
        "num_genes": 3638,
        "num_reads_mapped_to_reference": 2725455.33333174,
        "num_repeats": 55
      }
    },
    "total_features": 7692,
    "total_genes": 3811,
    "total_length": 4031403,
    "total_repeats": 55
  }
}